CITY,PERSONAL_CHARGE_COUNT,PERSONAL_NAME_COUNT,PROPERTY_CHARGE_COUNT,PROPERTY_NAME_COUNT,DRUG_CHARGE_COUNT,DRUG_NAME_COUNT,TOTAL_CHARGE_COUNT,TOTAL_NAME_COUNT
ANGIER,0,0,2,1,0,0,2,1
APEX,144,112,215,130,146,77,505,319
CARY,404,319,293,187,239,145,936,651
CLAYTON,11,6,9,4,7,4,27,14
CREEDMOOR,1,1,13,1,1,1,15,3
DURHAM,18,9,23,8,6,4,47,21
FUQUAY-VARINA,154,116,139,87,223,126,516,329
GARNER,259,202,441,286,285,171,985,659
HOLLY SPRINGS,111,88,205,110,272,133,588,331
KNIGHTDALE,109,83,143,95,95,54,347,232
MORRISVILLE,93,75,150,76,83,52,326,203
NEW HILL,6,5,8,6,7,7,21,18
RALEIGH,4450,2945,5035,2634,3941,2042,13426,7621
ROLESVILLE,35,25,46,28,50,26,131,79
WAKE FOREST,151,114,246,163,323,175,720,452
WENDELL,69,49,68,42,61,29,198,120
WILLOW SPRING,13,11,20,9,26,12,59,32
YOUNGSVILLE,2,2,0,0,0,0,2,2
ZEBULON,68,56,87,51,76,44,231,151
